record_id,x1,x2,x3,x4,y1,y2,y3,y4,label
ocid1.datalabelingrecord.oc1.uk-london-1.amaaaaaaniob46iazyy4xfsd32usbzxwqv4gaj7z34obp7dsgqrc4qr7vssa,0.030035336,0.030035336,0.682685512,0.682685512,0.137438163,0.596943463,0.596943463,0.137438163,['dog']
ocid1.datalabelingrecord.oc1.uk-london-1.amaaaaaaniob46iazyy4xfsd32usbzxwqv4gaj7z34obp7dsgqrc4qr7vssa,0.030035336,0.030035336,0.282685512,0.282685512,0.137438163,0.596943463,0.596943463,0.137438163,['cat']
ocid1.datalabelingrecord.oc1.uk-london-1.amaaaaaaniob46iafj6qlgd4vr4hsydtn6wak4y4a6rq6ka3fi4xe4weqx6a,0.030035336,0.030035336,0.682685512,0.682685512,0.137438163,0.596943463,0.596943463,0.137438163,['dog']
ocid1.datalabelingrecord.oc1.uk-london-1.amaaaaaaniob46iannnpxwrlivrz2cxasn54syazki2jgofidpk3vb2cmx6q,0.030035336,0.030035336,0.682685512,0.682685512,0.137438163,0.596943463,0.596943463,0.137438163,['dog']
ocid1.datalabelingrecord.oc1.uk-london-1.amaaaaaaniob46iabsnwtwunamelsaflidaeppsuilbx6dq7fnff7y5kfraa,0.030035336,0.030035336,0.682685512,0.682685512,0.137438163,0.596943463,0.596943463,0.137438163,['dog']
ocid1.datalabelingrecord.oc1.uk-london-1.amaaaaaaniob46ial57qbrydbuaae74tjb5ufs7cqp3blkcvxzsdjr2ky3tq,0.030035336,0.030035336,0.682685512,0.682685512,0.137438163,0.596943463,0.596943463,0.137438163,['dog']
ocid1.datalabelingrecord.oc1.uk-london-1.amaaaaaaniob46iaushr3as6gkgehubezhjsp3uosn4h2tjyww6443z3wckq,0.030035336,0.030035336,0.682685512,0.682685512,0.137438163,0.596943463,0.596943463,0.137438163,['dog']
ocid1.datalabelingrecord.oc1.uk-london-1.amaaaaaaniob46iaervhhfgscycwcv3kf5cp6vthaodcefg7uxjs2orkhhsq,0.030035336,0.030035336,0.682685512,0.682685512,0.137438163,0.596943463,0.596943463,0.137438163,['dog']
ocid1.datalabelingrecord.oc1.uk-london-1.amaaaaaaniob46iad7bmolklw72edjh7yu7b5elmikolmsaekq63wzq3rneq,0.030035336,0.030035336,0.682685512,0.682685512,0.137438163,0.596943463,0.596943463,0.137438163,['dog']
ocid1.datalabelingrecord.oc1.uk-london-1.amaaaaaaniob46iatue27wbqnrfi2rnbrukcyke7kfdokvdbvxs2jb2tx4ka,0.030035336,0.030035336,0.682685512,0.682685512,0.137438163,0.596943463,0.596943463,0.137438163,['dog']
ocid1.datalabelingrecord.oc1.uk-london-1.amaaaaaaniob46iafd3cqo7jsidfhmn6tzv356i2ah534xcqytpcr73hx2oq,0.030035336,0.030035336,0.682685512,0.682685512,0.137438163,0.596943463,0.596943463,0.137438163,['dog']
ocid1.datalabelingrecord.oc1.uk-london-1.amaaaaaaniob46iah7i6slxl3ua7cdpm3lgn37cxcixhoh7k32hjektvwhpq,0.030035336,0.030035336,0.682685512,0.682685512,0.137438163,0.596943463,0.596943463,0.137438163,['dog']
ocid1.datalabelingrecord.oc1.uk-london-1.amaaaaaaniob46iar6pnfxw6pvrlfau4ldt3wene45tpobih5jk7bwcsp72a,0.030035336,0.030035336,0.682685512,0.682685512,0.137438163,0.596943463,0.596943463,0.137438163,['dog']
ocid1.datalabelingrecord.oc1.uk-london-1.amaaaaaaniob46iaaw5wli7iv77dycl3vpzj232r3zgjqcc7f4aqd3wziaga,0.030035336,0.030035336,0.682685512,0.682685512,0.137438163,0.596943463,0.596943463,0.137438163,['dog']
ocid1.datalabelingrecord.oc1.uk-london-1.amaaaaaaniob46iat5obzqyymjd7iijks2bfelan2tn2wzy5h5a5zknvcgvq,0.030035336,0.030035336,0.682685512,0.682685512,0.137438163,0.596943463,0.596943463,0.137438163,['dog']
ocid1.datalabelingrecord.oc1.uk-london-1.amaaaaaaniob46iahyu7iqgu4xk7a4dukr5u4ggswshotxjaaz6hm4ol5whq,0.030035336,0.030035336,0.682685512,0.682685512,0.137438163,0.596943463,0.596943463,0.137438163,['dog']
ocid1.datalabelingrecord.oc1.uk-london-1.amaaaaaaniob46iaydvuboieqdcscncofgck3me7gwh2n4ldz7adrhxxqvoa,0.030035336,0.030035336,0.682685512,0.682685512,0.137438163,0.596943463,0.596943463,0.137438163,['dog']
ocid1.datalabelingrecord.oc1.uk-london-1.amaaaaaaniob46iac7rqf5uw3zanq2w4flivrly4nmccz3zpcnu2tyosmg7q,0.030035336,0.030035336,0.682685512,0.682685512,0.137438163,0.596943463,0.596943463,0.137438163,['dog']
ocid1.datalabelingrecord.oc1.uk-london-1.amaaaaaaniob46iaa4ruuzf5ic5ctubnrftzzbbljl4x3ch4r5yn4nx4xyzq,0.030035336,0.030035336,0.682685512,0.682685512,0.137438163,0.596943463,0.596943463,0.137438163,['dog']
ocid1.datalabelingrecord.oc1.uk-london-1.amaaaaaaniob46ia46rjmefqyjvnhqfg3fz6okwtbzxrcd6rg6ht2ygtrg6q,0.030035336,0.030035336,0.682685512,0.682685512,0.137438163,0.596943463,0.596943463,0.137438163,['dog']
ocid1.datalabelingrecord.oc1.uk-london-1.amaaaaaaniob46ian6vqklbptqjvpi55ektih4xtzngkzo5z3kozwlmlwpga,0.030035336,0.030035336,0.682685512,0.682685512,0.137438163,0.596943463,0.596943463,0.137438163,['dog']
ocid1.datalabelingrecord.oc1.uk-london-1.amaaaaaaniob46iancerzfnslx4ewkvuuodqpbxobymxp7hubkzadno5grvq,0.030035336,0.030035336,0.682685512,0.682685512,0.137438163,0.596943463,0.596943463,0.137438163,['dog']
ocid1.datalabelingrecord.oc1.uk-london-1.amaaaaaaniob46iatmmr5rgmrjgleofd4tmrqerbx4pgxbqjmodveclcxa7a,0.030035336,0.030035336,0.682685512,0.682685512,0.137438163,0.596943463,0.596943463,0.137438163,['dog']
ocid1.datalabelingrecord.oc1.uk-london-1.amaaaaaaniob46iaci4pjbvzp6wx3wxomwlmbjufyl7itf3hcasqufr74vya,0.030035336,0.030035336,0.682685512,0.682685512,0.137438163,0.596943463,0.596943463,0.137438163,['dog']
ocid1.datalabelingrecord.oc1.uk-london-1.amaaaaaaniob46iao4zternuyo6eqobfgpxwafewowp26bdx27f6igndwu3q,0.030035336,0.030035336,0.682685512,0.682685512,0.137438163,0.596943463,0.596943463,0.137438163,['dog']
ocid1.datalabelingrecord.oc1.uk-london-1.amaaaaaaniob46iahqhfln5goaxh7mlfgjz4xuc22l7tdmxh5n5e6drmqasa,0.030035336,0.030035336,0.682685512,0.682685512,0.137438163,0.596943463,0.596943463,0.137438163,['dog']
ocid1.datalabelingrecord.oc1.uk-london-1.amaaaaaaniob46iafhicra6vvfevcz74gzv6zv3r2vjctnvmy6j3wyzvouqq,0.030035336,0.030035336,0.682685512,0.682685512,0.137438163,0.596943463,0.596943463,0.137438163,['dog']
ocid1.datalabelingrecord.oc1.uk-london-1.amaaaaaaniob46iaqese43eiuxyce6mkxbn52f4wcgkvmbhm37x42kx7rhrq,0.030035336,0.030035336,0.682685512,0.682685512,0.137438163,0.596943463,0.596943463,0.137438163,['dog']
ocid1.datalabelingrecord.oc1.uk-london-1.amaaaaaaniob46iak2qfnhfuzpu5xvkp3iw7nmf2gzbvqey33zcg3choxxgq,0.030035336,0.030035336,0.682685512,0.682685512,0.137438163,0.596943463,0.596943463,0.137438163,['dog']
ocid1.datalabelingrecord.oc1.uk-london-1.amaaaaaaniob46ias6ggtzm3b74ebdj7x4ddli4npex35uixwxsbm773nhva,0.030035336,0.030035336,0.682685512,0.682685512,0.137438163,0.596943463,0.596943463,0.137438163,['dog']
ocid1.datalabelingrecord.oc1.uk-london-1.amaaaaaaniob46ia5mtj72nnuoi2l6xh52ep3xuicmqgsflbqvkumzpzhxua,0.030035336,0.030035336,0.682685512,0.682685512,0.137438163,0.596943463,0.596943463,0.137438163,['dog']
ocid1.datalabelingrecord.oc1.uk-london-1.amaaaaaaniob46iaxxy6bzn7pwddqy63sjfcamrsqrtvo5exh5a5t5f5k77a,0.030035336,0.030035336,0.682685512,0.682685512,0.137438163,0.596943463,0.596943463,0.137438163,['dog']
ocid1.datalabelingrecord.oc1.uk-london-1.amaaaaaaniob46ia5sbqecdijrzecmtjthjhrocp3z2u4rszk6f3vpyjhwia,0.030035336,0.030035336,0.682685512,0.682685512,0.137438163,0.596943463,0.596943463,0.137438163,['dog']
ocid1.datalabelingrecord.oc1.uk-london-1.amaaaaaaniob46ia5lwkade3t47yu32vcz2dqutmjc4dejyqeofjzmqbntdq,0.030035336,0.030035336,0.682685512,0.682685512,0.137438163,0.596943463,0.596943463,0.137438163,['dog']
ocid1.datalabelingrecord.oc1.uk-london-1.amaaaaaaniob46ia7nisfhjknifpowt2flaqwp7lebemo5csqcihry4mwrka,0.030035336,0.030035336,0.682685512,0.682685512,0.137438163,0.596943463,0.596943463,0.137438163,['dog']
ocid1.datalabelingrecord.oc1.uk-london-1.amaaaaaaniob46iaokkekfnfr4dajbi6agfwzmxe4wugn37se4djijwxdoaq,0.030035336,0.030035336,0.682685512,0.682685512,0.137438163,0.596943463,0.596943463,0.137438163,['dog']
ocid1.datalabelingrecord.oc1.uk-london-1.amaaaaaaniob46iachnfw7h4vpxyymwwhecrbxirshsjfl77mg67q3r6qgpq,0.030035336,0.030035336,0.682685512,0.682685512,0.137438163,0.596943463,0.596943463,0.137438163,['dog']
ocid1.datalabelingrecord.oc1.uk-london-1.amaaaaaaniob46iahm7zubsezymz7cywvr5xvtw3w3dll3v2vj5fpvhhz6vq,0.030035336,0.030035336,0.682685512,0.682685512,0.137438163,0.596943463,0.596943463,0.137438163,['dog']
ocid1.datalabelingrecord.oc1.uk-london-1.amaaaaaaniob46ia336rg5jv4a2mkjj4blb4bkuu7dro4ljkggl5mdgzkikq,0.030035336,0.030035336,0.682685512,0.682685512,0.137438163,0.596943463,0.596943463,0.137438163,['dog']
ocid1.datalabelingrecord.oc1.uk-london-1.amaaaaaaniob46iadowye6lagigbwyikt4d6ohvuluojvodpn7vzzde2yucq,0.030035336,0.030035336,0.682685512,0.682685512,0.137438163,0.596943463,0.596943463,0.137438163,['dog']
ocid1.datalabelingrecord.oc1.uk-london-1.amaaaaaaniob46iadn277ruvf7a7az2u2kyhut4r3pqai5tvsidrtfff5teq,0.030035336,0.030035336,0.682685512,0.682685512,0.137438163,0.596943463,0.596943463,0.137438163,['dog']
ocid1.datalabelingrecord.oc1.uk-london-1.amaaaaaaniob46iavudpxzxl6vb37acaa4eleqdcpmgtle2rvgrhv6ueyw3a,0.030035336,0.030035336,0.682685512,0.682685512,0.137438163,0.596943463,0.596943463,0.137438163,['dog']
ocid1.datalabelingrecord.oc1.uk-london-1.amaaaaaaniob46iacqy2xnnekw566kmg4yacijdhyjyis3ra7s5tzntdntla,0.030035336,0.030035336,0.682685512,0.682685512,0.137438163,0.596943463,0.596943463,0.137438163,['dog']
ocid1.datalabelingrecord.oc1.uk-london-1.amaaaaaaniob46iau2by7qcokgibnh5ojslhieyefb67fp72yf6hs5rfpufa,0.030035336,0.030035336,0.682685512,0.682685512,0.137438163,0.596943463,0.596943463,0.137438163,['dog']
ocid1.datalabelingrecord.oc1.uk-london-1.amaaaaaaniob46ia7pz24a3id2htlbkd7lgc5ohgrrfrysfua6x2ep3t2lfq,0.030035336,0.030035336,0.682685512,0.682685512,0.137438163,0.596943463,0.596943463,0.137438163,['dog']
ocid1.datalabelingrecord.oc1.uk-london-1.amaaaaaaniob46iahiqmrcjzsvivdwfje5svmsh3aidq6kzi7a2dokldpcja,0.030035336,0.030035336,0.682685512,0.682685512,0.137438163,0.596943463,0.596943463,0.137438163,['dog']
ocid1.datalabelingrecord.oc1.uk-london-1.amaaaaaaniob46ia6sxtjfcm2k2zs6i4xsmx55z4ks26pjcxt2fl72r3ei3q,0.030035336,0.030035336,0.682685512,0.682685512,0.137438163,0.596943463,0.596943463,0.137438163,['dog']
ocid1.datalabelingrecord.oc1.uk-london-1.amaaaaaaniob46iac3fcbj7iykz6wbdwi5tw4aa3ws34irxh4h5xbsa2xkja,0.030035336,0.030035336,0.682685512,0.682685512,0.137438163,0.596943463,0.596943463,0.137438163,['dog']
ocid1.datalabelingrecord.oc1.uk-london-1.amaaaaaaniob46iavqwv3ruxi22n3t6rmettfum26hjdpccgxoczjo5zab6q,0.030035336,0.030035336,0.682685512,0.682685512,0.137438163,0.596943463,0.596943463,0.137438163,['dog']
ocid1.datalabelingrecord.oc1.uk-london-1.amaaaaaaniob46iaxy7sb2e55m7bgpstj4gczlmjsfevrha4x5voblm2wylq,0.030035336,0.030035336,0.682685512,0.682685512,0.137438163,0.596943463,0.596943463,0.137438163,['dog']
ocid1.datalabelingrecord.oc1.uk-london-1.amaaaaaaniob46iatgfe3ryegdvg34ivfqwebhbxpiyb6o5xu27berjpv3mq,0.030035336,0.030035336,0.682685512,0.682685512,0.137438163,0.596943463,0.596943463,0.137438163,['dog']
ocid1.datalabelingrecord.oc1.uk-london-1.amaaaaaaniob46iaj254xle52kbvvfis44ht4jih2lghdiypvmxvyfnumpxa,0.030035336,0.030035336,0.682685512,0.682685512,0.137438163,0.596943463,0.596943463,0.137438163,['dog']
ocid1.datalabelingrecord.oc1.uk-london-1.amaaaaaaniob46iab55rbpe3sbtocrjhajb2msllfw2lc3laeu27mybt4fcq,0.030035336,0.030035336,0.682685512,0.682685512,0.137438163,0.596943463,0.596943463,0.137438163,['dog']
ocid1.datalabelingrecord.oc1.uk-london-1.amaaaaaaniob46iacold5vrmyxp4cbunjokvzxtwf65gs5gq7n5pnwotngbq,0.030035336,0.030035336,0.682685512,0.682685512,0.137438163,0.596943463,0.596943463,0.137438163,['dog']
ocid1.datalabelingrecord.oc1.uk-london-1.amaaaaaaniob46iad47l66ja6viaclzunjos4pd23jvapdr5c6zpxuivy3lq,0.030035336,0.030035336,0.682685512,0.682685512,0.137438163,0.596943463,0.596943463,0.137438163,['dog']
ocid1.datalabelingrecord.oc1.uk-london-1.amaaaaaaniob46iapll7dm762hpttnvzcullpxjwex6ixmjkclmd3oz4ngbq,0.030035336,0.030035336,0.682685512,0.682685512,0.137438163,0.596943463,0.596943463,0.137438163,['dog']
ocid1.datalabelingrecord.oc1.uk-london-1.amaaaaaaniob46ianwozjttttwsowexrrgqscya7lcsuv45kbszsn4apyzqa,0.030035336,0.030035336,0.682685512,0.682685512,0.137438163,0.596943463,0.596943463,0.137438163,['dog']
ocid1.datalabelingrecord.oc1.uk-london-1.amaaaaaaniob46iap7u3snykjbhxpbrvb7bsweektyqx7d23cznn3kq6fhxq,0.030035336,0.030035336,0.682685512,0.682685512,0.137438163,0.596943463,0.596943463,0.137438163,['dog']
ocid1.datalabelingrecord.oc1.uk-london-1.amaaaaaaniob46iadi5otljnazcw3nwfq4xrlb5jd5sshkl5xkfgzxthbc3q,0.030035336,0.030035336,0.682685512,0.682685512,0.137438163,0.596943463,0.596943463,0.137438163,['dog']
ocid1.datalabelingrecord.oc1.uk-london-1.amaaaaaaniob46iap4qzzipimoogssa3f5zzyg2gxob4jd2d7lqg6g4yyyfq,0.030035336,0.030035336,0.682685512,0.682685512,0.137438163,0.596943463,0.596943463,0.137438163,['dog']
ocid1.datalabelingrecord.oc1.uk-london-1.amaaaaaaniob46iafad42nnupip2g6zlzun7cb2ejs7og5wmy6h4womhgfka,0.030035336,0.030035336,0.682685512,0.682685512,0.137438163,0.596943463,0.596943463,0.137438163,['dog']
ocid1.datalabelingrecord.oc1.uk-london-1.amaaaaaaniob46iaiiqohmgkja425yx7ax462hygctqdwzvnutqjtdy4qdka,0.030035336,0.030035336,0.682685512,0.682685512,0.137438163,0.596943463,0.596943463,0.137438163,['dog']
ocid1.datalabelingrecord.oc1.uk-london-1.amaaaaaaniob46iafsd2u2a53ytkrnak2ilfmpzvs5p7ujweqyiei3eo42aa,0.030035336,0.030035336,0.682685512,0.682685512,0.137438163,0.596943463,0.596943463,0.137438163,['dog']
ocid1.datalabelingrecord.oc1.uk-london-1.amaaaaaaniob46iayyv7zxlkgdkhqceysifj2njvpt2vufqgpk6xseeo367q,0.030035336,0.030035336,0.682685512,0.682685512,0.137438163,0.596943463,0.596943463,0.137438163,['dog']
ocid1.datalabelingrecord.oc1.uk-london-1.amaaaaaaniob46iavi4gb7dtoel772wxwtisgoix3h6d7iuugv6gmmmohfsa,0.030035336,0.030035336,0.682685512,0.682685512,0.137438163,0.596943463,0.596943463,0.137438163,['dog']
ocid1.datalabelingrecord.oc1.uk-london-1.amaaaaaaniob46iahrsnqzutgddq4z7nmfbh46e7b73yul45hoq2akekx6yq,0.030035336,0.030035336,0.682685512,0.682685512,0.137438163,0.596943463,0.596943463,0.137438163,['dog']
ocid1.datalabelingrecord.oc1.uk-london-1.amaaaaaaniob46iaw5d4awdvaxjeeo7hxtzopbqqsuybruhdl3q7a4qfzkba,0.030035336,0.030035336,0.682685512,0.682685512,0.137438163,0.596943463,0.596943463,0.137438163,['dog']
ocid1.datalabelingrecord.oc1.uk-london-1.amaaaaaaniob46ia2wmo43p3zaofz6d43rorl25heoh3dv6mmtjn74lskgzq,0.030035336,0.030035336,0.682685512,0.682685512,0.137438163,0.596943463,0.596943463,0.137438163,['dog']
ocid1.datalabelingrecord.oc1.uk-london-1.amaaaaaaniob46iadjz5mgadtfzley2furrbcxqzdsrmwl2fi6ww6c4ngjnq,0.030035336,0.030035336,0.682685512,0.682685512,0.137438163,0.596943463,0.596943463,0.137438163,['dog']
ocid1.datalabelingrecord.oc1.uk-london-1.amaaaaaaniob46iagusopeiny3yzchpepsln6xwp3rwbczdmjc2ffr45bnpa,0.030035336,0.030035336,0.682685512,0.682685512,0.137438163,0.596943463,0.596943463,0.137438163,['dog']
ocid1.datalabelingrecord.oc1.uk-london-1.amaaaaaaniob46iattukmcry6wbs6gjx6ba2z7rkn7qhn2zvq6plflyra3pa,0.030035336,0.030035336,0.682685512,0.682685512,0.137438163,0.596943463,0.596943463,0.137438163,['dog']
ocid1.datalabelingrecord.oc1.uk-london-1.amaaaaaaniob46iai4yf6j32scjro44vbyrjwb3ix76a4ytxsq4cnqvrcaiq,0.030035336,0.030035336,0.682685512,0.682685512,0.137438163,0.596943463,0.596943463,0.137438163,['dog']
ocid1.datalabelingrecord.oc1.uk-london-1.amaaaaaaniob46iaauig2r5hqtqy5otsucruynxg5bjblrrq4ol3frj3u77q,0.030035336,0.030035336,0.682685512,0.682685512,0.137438163,0.596943463,0.596943463,0.137438163,['dog']
ocid1.datalabelingrecord.oc1.uk-london-1.amaaaaaaniob46ia4g7v7vwmi3jnqb4kiklchc4catmw5a6py2ei7efchosq,0.030035336,0.030035336,0.682685512,0.682685512,0.137438163,0.596943463,0.596943463,0.137438163,['dog']
ocid1.datalabelingrecord.oc1.uk-london-1.amaaaaaaniob46ialboqsi7kx7gachie25m3xjgjocjegh42x22ano6ry3wq,0.030035336,0.030035336,0.682685512,0.682685512,0.137438163,0.596943463,0.596943463,0.137438163,['dog']
ocid1.datalabelingrecord.oc1.uk-london-1.amaaaaaaniob46iajmvgqvlpulumaml4e54psea5tbfa4nre7evqby2r3k7a,0.030035336,0.030035336,0.682685512,0.682685512,0.137438163,0.596943463,0.596943463,0.137438163,['dog']
ocid1.datalabelingrecord.oc1.uk-london-1.amaaaaaaniob46iahqutxg4dsnmjv5mdb6oahj5t65rfqtts4nwv4ci4ba7a,0.030035336,0.030035336,0.682685512,0.682685512,0.137438163,0.596943463,0.596943463,0.137438163,['dog']
ocid1.datalabelingrecord.oc1.uk-london-1.amaaaaaaniob46iaeh3e34347d5dtfbs42iq6zkx633sgmcsd3hrmkqeclja,0.030035336,0.030035336,0.682685512,0.682685512,0.137438163,0.596943463,0.596943463,0.137438163,['dog']
ocid1.datalabelingrecord.oc1.uk-london-1.amaaaaaaniob46iawevi5uk33a55jko7qiltur6q4ftqjfiulg6hitnz7f3q,0.030035336,0.030035336,0.682685512,0.682685512,0.137438163,0.596943463,0.596943463,0.137438163,['dog']
ocid1.datalabelingrecord.oc1.uk-london-1.amaaaaaaniob46iagxu33uhhmuvqxzktn5ay6p3scsixkymlijnxg6cm54ma,0.030035336,0.030035336,0.682685512,0.682685512,0.137438163,0.596943463,0.596943463,0.137438163,['dog']
ocid1.datalabelingrecord.oc1.uk-london-1.amaaaaaaniob46iaf5srov6uem55nymksf7fhzubxoip42jvyned5vtmfe2q,0.030035336,0.030035336,0.682685512,0.682685512,0.137438163,0.596943463,0.596943463,0.137438163,['dog']
ocid1.datalabelingrecord.oc1.uk-london-1.amaaaaaaniob46iaumnd77fymmdp34t477xs4742qcv4fu7uqnowevno5iea,0.030035336,0.030035336,0.682685512,0.682685512,0.137438163,0.596943463,0.596943463,0.137438163,['dog']
ocid1.datalabelingrecord.oc1.uk-london-1.amaaaaaaniob46iafcl6qfqghp6uzph45f4qnjcdsqmhxqooocd2lxewltva,0.030035336,0.030035336,0.682685512,0.682685512,0.137438163,0.596943463,0.596943463,0.137438163,['dog']
ocid1.datalabelingrecord.oc1.uk-london-1.amaaaaaaniob46ias5zot3m6rmiskqsfvtihldxnayv56ofd5finuucx25hq,0.030035336,0.030035336,0.682685512,0.682685512,0.137438163,0.596943463,0.596943463,0.137438163,['dog']
ocid1.datalabelingrecord.oc1.uk-london-1.amaaaaaaniob46iamljqq6avidujtzr5aw3uzhmelxxga6wau6m632jrzjvq,0.030035336,0.030035336,0.682685512,0.682685512,0.137438163,0.596943463,0.596943463,0.137438163,['dog']
ocid1.datalabelingrecord.oc1.uk-london-1.amaaaaaaniob46iaaorz545fj4cospt7rsdsmsjj5uwv7elrppvrqc5uo4fa,0.030035336,0.030035336,0.682685512,0.682685512,0.137438163,0.596943463,0.596943463,0.137438163,['dog']
ocid1.datalabelingrecord.oc1.uk-london-1.amaaaaaaniob46iadzzpqf4mxnyd5lvl47r3p7cvvdavazrnf76x5ckuoajq,0.030035336,0.030035336,0.682685512,0.682685512,0.137438163,0.596943463,0.596943463,0.137438163,['dog']
ocid1.datalabelingrecord.oc1.uk-london-1.amaaaaaaniob46iafdz2nzpdrc2sbivkehedhmfgp7arwtyfallf37q7brma,0.030035336,0.030035336,0.682685512,0.682685512,0.137438163,0.596943463,0.596943463,0.137438163,['dog']
ocid1.datalabelingrecord.oc1.uk-london-1.amaaaaaaniob46iafdrk4lfbviz4bqyz5puhf7xn7tcofjmuahclogvnmeta,0.030035336,0.030035336,0.682685512,0.682685512,0.137438163,0.596943463,0.596943463,0.137438163,['dog']
ocid1.datalabelingrecord.oc1.uk-london-1.amaaaaaaniob46iaqprvuozulfywhwlg2hapruauo2oqwbxqeltybyijz6aa,0.030035336,0.030035336,0.682685512,0.682685512,0.137438163,0.596943463,0.596943463,0.137438163,['dog']
ocid1.datalabelingrecord.oc1.uk-london-1.amaaaaaaniob46iaaontoc5bfowvw3coizwvfhmylkrido47i6xzpmcigudq,0.030035336,0.030035336,0.682685512,0.682685512,0.137438163,0.596943463,0.596943463,0.137438163,['dog']
ocid1.datalabelingrecord.oc1.uk-london-1.amaaaaaaniob46iaapg5isdgxrjc3bzdtor7bp6x6yylqmco6x7fsaacpwmq,0.030035336,0.030035336,0.682685512,0.682685512,0.137438163,0.596943463,0.596943463,0.137438163,['dog']
ocid1.datalabelingrecord.oc1.uk-london-1.amaaaaaaniob46iae6oen72ib45cqop6lwzqyayigjouqptviy2yh4xv2j3q,0.030035336,0.030035336,0.682685512,0.682685512,0.137438163,0.596943463,0.596943463,0.137438163,['dog']
ocid1.datalabelingrecord.oc1.uk-london-1.amaaaaaaniob46iaiib6n74jhzdflp7crb6y2cc6lornjkmzma3mkzh5v4fq,0.030035336,0.030035336,0.682685512,0.682685512,0.137438163,0.596943463,0.596943463,0.137438163,['dog']
ocid1.datalabelingrecord.oc1.uk-london-1.amaaaaaaniob46iahgipptvozpkmapss2xbge7uxy65p2mq3hnk3aiwqutwa,0.030035336,0.030035336,0.682685512,0.682685512,0.137438163,0.596943463,0.596943463,0.137438163,['dog']
ocid1.datalabelingrecord.oc1.uk-london-1.amaaaaaaniob46iahxofstapfod3nnstjoazvvvhk6b2i4c6wapkimfs3jqq,0.030035336,0.030035336,0.682685512,0.682685512,0.137438163,0.596943463,0.596943463,0.137438163,['dog']
ocid1.datalabelingrecord.oc1.uk-london-1.amaaaaaaniob46iay4xlqgfouvkoc6vq5dy7a7r77xwl3f7j6n6yiikddkgq,0.030035336,0.030035336,0.682685512,0.682685512,0.137438163,0.596943463,0.596943463,0.137438163,['dog']
ocid1.datalabelingrecord.oc1.uk-london-1.amaaaaaaniob46iamqqgg6dom2za67gaur2m7wxj6chw3u6yisyh5y2ahltq,0.030035336,0.030035336,0.682685512,0.682685512,0.137438163,0.596943463,0.596943463,0.137438163,['dog']
ocid1.datalabelingrecord.oc1.uk-london-1.amaaaaaaniob46iasohhvzcqoan3ferwelq6sbihfcjklibju5k62hn3wrra,0.030035336,0.030035336,0.682685512,0.682685512,0.137438163,0.596943463,0.596943463,0.137438163,['dog']
ocid1.datalabelingrecord.oc1.uk-london-1.amaaaaaaniob46ia2i7dla23f2e2gl7doki7f3noka5xqp6qhvn2il4mhkgq,0.030035336,0.030035336,0.682685512,0.682685512,0.137438163,0.596943463,0.596943463,0.137438163,['dog']
ocid1.datalabelingrecord.oc1.uk-london-1.amaaaaaaniob46iaeyc7hwzkb7gtdhqf4l7u4ea6usfbtsiniewzjqfy7leq,0.030035336,0.030035336,0.682685512,0.682685512,0.137438163,0.596943463,0.596943463,0.137438163,['dog']
ocid1.datalabelingrecord.oc1.uk-london-1.amaaaaaaniob46iaflstvmnw3vvguatywtw5pk4hsdul4tv5pphsifza5coq,0.030035336,0.030035336,0.682685512,0.682685512,0.137438163,0.596943463,0.596943463,0.137438163,['dog']
ocid1.datalabelingrecord.oc1.uk-london-1.amaaaaaaniob46iaojk6v4jbitwnnconhmjmtovhvmo645h6dbxhcm6demha,0.030035336,0.030035336,0.682685512,0.682685512,0.137438163,0.596943463,0.596943463,0.137438163,['dog']
ocid1.datalabelingrecord.oc1.uk-london-1.amaaaaaaniob46iax37uhzcvqjmi3n44ge4kcia3yno473tynq7wtpjppbjq,0.030035336,0.030035336,0.682685512,0.682685512,0.137438163,0.596943463,0.596943463,0.137438163,['dog']
ocid1.datalabelingrecord.oc1.uk-london-1.amaaaaaaniob46iav3zcpff2pjbq4uxq5yrcanroyts3wyfynuqw2fa2dluq,0.030035336,0.030035336,0.682685512,0.682685512,0.137438163,0.596943463,0.596943463,0.137438163,['dog']
ocid1.datalabelingrecord.oc1.uk-london-1.amaaaaaaniob46ianhvhxv3y5zqxlr6hbjkxizmk2uqydrbzbk6m5t6d337q,0.030035336,0.030035336,0.682685512,0.682685512,0.137438163,0.596943463,0.596943463,0.137438163,['dog']
ocid1.datalabelingrecord.oc1.uk-london-1.amaaaaaaniob46iansatzt4o6cuwng2ftb557tfatabcnhld43vu2atxxpca,0.030035336,0.030035336,0.682685512,0.682685512,0.137438163,0.596943463,0.596943463,0.137438163,['dog']
ocid1.datalabelingrecord.oc1.uk-london-1.amaaaaaaniob46ia3yv6kbx3ldcclt7y2w22k2ktfwc7a7i6apulzwp4b24a,0.030035336,0.030035336,0.682685512,0.682685512,0.137438163,0.596943463,0.596943463,0.137438163,['dog']
ocid1.datalabelingrecord.oc1.uk-london-1.amaaaaaaniob46ia2jw4e3fhj5mtemokcprwa6ucvcpfd2awlk74qibi72ga,0.030035336,0.030035336,0.682685512,0.682685512,0.137438163,0.596943463,0.596943463,0.137438163,['dog']
ocid1.datalabelingrecord.oc1.uk-london-1.amaaaaaaniob46iatj2rfxkpvfmiow54ytj3t5dmo27rarfthyfta7vtkifq,0.030035336,0.030035336,0.682685512,0.682685512,0.137438163,0.596943463,0.596943463,0.137438163,['dog']
ocid1.datalabelingrecord.oc1.uk-london-1.amaaaaaaniob46iarli4f2c46nyqmnnm6aylkkkudp6oofpcufdatb6n3tiq,0.030035336,0.030035336,0.682685512,0.682685512,0.137438163,0.596943463,0.596943463,0.137438163,['dog']
ocid1.datalabelingrecord.oc1.uk-london-1.amaaaaaaniob46iaouw2h5y3w2nusecvr2nepnwkdqm4fwhfkqojab7os64a,0.030035336,0.030035336,0.682685512,0.682685512,0.137438163,0.596943463,0.596943463,0.137438163,['dog']
ocid1.datalabelingrecord.oc1.uk-london-1.amaaaaaaniob46iajhcjzqkdsmh7esyzo2srxxjfe7bqw3t4gxu3j2ez3oyq,0.030035336,0.030035336,0.682685512,0.682685512,0.137438163,0.596943463,0.596943463,0.137438163,['dog']
ocid1.datalabelingrecord.oc1.uk-london-1.amaaaaaaniob46iadtobgnyzaulz47ef533mudk6cnsk3xzd3wp7n6bpcyxq,0.030035336,0.030035336,0.682685512,0.682685512,0.137438163,0.596943463,0.596943463,0.137438163,['dog']
ocid1.datalabelingrecord.oc1.uk-london-1.amaaaaaaniob46ianx6zc267phsfmkfuuzsbx77zwnobkymhgfjjiih7gwja,0.030035336,0.030035336,0.682685512,0.682685512,0.137438163,0.596943463,0.596943463,0.137438163,['dog']
ocid1.datalabelingrecord.oc1.uk-london-1.amaaaaaaniob46iaymc3dqh3sjn55fevwttkxs22v64w2obst2hdoz27qu2q,0.030035336,0.030035336,0.682685512,0.682685512,0.137438163,0.596943463,0.596943463,0.137438163,['dog']
ocid1.datalabelingrecord.oc1.uk-london-1.amaaaaaaniob46iadzfti3ebcefil6cn6ia67qtna6f7o7b7hjk3745glkca,0.030035336,0.030035336,0.682685512,0.682685512,0.137438163,0.596943463,0.596943463,0.137438163,['dog']
ocid1.datalabelingrecord.oc1.uk-london-1.amaaaaaaniob46ialiegs35wfdrwjrtroo4tspg6q7qar7vy4rlqvm2ivczq,0.030035336,0.030035336,0.682685512,0.682685512,0.137438163,0.596943463,0.596943463,0.137438163,['dog']
ocid1.datalabelingrecord.oc1.uk-london-1.amaaaaaaniob46ia3q4uxbhchotdl2srxrfifissax5nbnpnps4olvenptra,0.030035336,0.030035336,0.682685512,0.682685512,0.137438163,0.596943463,0.596943463,0.137438163,['dog']
ocid1.datalabelingrecord.oc1.uk-london-1.amaaaaaaniob46iaes6hpycwdyp2lsnhgkqkp7ja3bgfsceqgcmdbal62fea,0.030035336,0.030035336,0.682685512,0.682685512,0.137438163,0.596943463,0.596943463,0.137438163,['dog']
ocid1.datalabelingrecord.oc1.uk-london-1.amaaaaaaniob46iauq3m3d2qppcwduccrujokywi6kkxlswhujcwwbxqdzjq,0.030035336,0.030035336,0.682685512,0.682685512,0.137438163,0.596943463,0.596943463,0.137438163,['dog']
ocid1.datalabelingrecord.oc1.uk-london-1.amaaaaaaniob46ia5xhtval2aia23yt55be6lwnmxumbnv6rrywjpifyofuq,0.030035336,0.030035336,0.682685512,0.682685512,0.137438163,0.596943463,0.596943463,0.137438163,['dog']
ocid1.datalabelingrecord.oc1.uk-london-1.amaaaaaaniob46iacyrlcq3xbajfvhn22yy6u6pksq2xtqx4mkjsgq6dkicq,0.030035336,0.030035336,0.682685512,0.682685512,0.137438163,0.596943463,0.596943463,0.137438163,['dog']
ocid1.datalabelingrecord.oc1.uk-london-1.amaaaaaaniob46iat5oywyvjkc7okbkd3sspbyffdwgr2zzr72s7zcfgemyq,0.030035336,0.030035336,0.682685512,0.682685512,0.137438163,0.596943463,0.596943463,0.137438163,['dog']
ocid1.datalabelingrecord.oc1.uk-london-1.amaaaaaaniob46iazyrxn5pwebvc3kdz5bm4aw7qiav2iq4khzlvdh2qtbva,0.030035336,0.030035336,0.682685512,0.682685512,0.137438163,0.596943463,0.596943463,0.137438163,['dog']
ocid1.datalabelingrecord.oc1.uk-london-1.amaaaaaaniob46ialnz2dmuae7axzwss7vg53zim5kiw7lwuk2zmakfnwoaa,0.030035336,0.030035336,0.682685512,0.682685512,0.137438163,0.596943463,0.596943463,0.137438163,['dog']
ocid1.datalabelingrecord.oc1.uk-london-1.amaaaaaaniob46ialnibrodjxtmzfu2lsw2wcjuq65yrvwnu2ger2arsvuva,0.030035336,0.030035336,0.682685512,0.682685512,0.137438163,0.596943463,0.596943463,0.137438163,['dog']
ocid1.datalabelingrecord.oc1.uk-london-1.amaaaaaaniob46iakxmz6onwyyy7vxtfrtra5eqdvso2wt2ycdnr5iovtnha,0.030035336,0.030035336,0.682685512,0.682685512,0.137438163,0.596943463,0.596943463,0.137438163,['dog']
ocid1.datalabelingrecord.oc1.uk-london-1.amaaaaaaniob46iatnb4a473z5ng6caa6qiwkgmvw35ypbys53zqp74rdj3a,0.030035336,0.030035336,0.682685512,0.682685512,0.137438163,0.596943463,0.596943463,0.137438163,['dog']
ocid1.datalabelingrecord.oc1.uk-london-1.amaaaaaaniob46iarxx2ckjun6z5ymuxvxa6sv4cuout7vmilihwls7depoa,0.030035336,0.030035336,0.682685512,0.682685512,0.137438163,0.596943463,0.596943463,0.137438163,['dog']
ocid1.datalabelingrecord.oc1.uk-london-1.amaaaaaaniob46iazanolxkv72pzpvfbqsyqozor34vtj6koc6nuhkcucema,0.030035336,0.030035336,0.682685512,0.682685512,0.137438163,0.596943463,0.596943463,0.137438163,['dog']
ocid1.datalabelingrecord.oc1.uk-london-1.amaaaaaaniob46iafyggzzopoqx6x6ucrdfgph4jdydtx2337y4vujzlrlhq,0.030035336,0.030035336,0.682685512,0.682685512,0.137438163,0.596943463,0.596943463,0.137438163,['dog']
ocid1.datalabelingrecord.oc1.uk-london-1.amaaaaaaniob46iaxkiie6awdwtpqxqf3azxnbjlbdbgwbzjgy47h4lexrca,0.030035336,0.030035336,0.682685512,0.682685512,0.137438163,0.596943463,0.596943463,0.137438163,['dog']
ocid1.datalabelingrecord.oc1.uk-london-1.amaaaaaaniob46iatgynbxjtu5pgwf6eckashugbwycv2nagdlkqf4mcg62a,0.030035336,0.030035336,0.682685512,0.682685512,0.137438163,0.596943463,0.596943463,0.137438163,['dog']
ocid1.datalabelingrecord.oc1.uk-london-1.amaaaaaaniob46iaaey7ujzf7y3f64bhhp3b4phegvr4te7migoswuxgizkq,0.030035336,0.030035336,0.682685512,0.682685512,0.137438163,0.596943463,0.596943463,0.137438163,['dog']
ocid1.datalabelingrecord.oc1.uk-london-1.amaaaaaaniob46iasm7ia3wufbnuhz53ywr4apq7ozoyhj4yddwbeu77bghq,0.030035336,0.030035336,0.682685512,0.682685512,0.137438163,0.596943463,0.596943463,0.137438163,['dog']
ocid1.datalabelingrecord.oc1.uk-london-1.amaaaaaaniob46ian6sssmm4l6tqbj4alhtmgdotjehluqnbyi5qmoddcgcq,0.030035336,0.030035336,0.682685512,0.682685512,0.137438163,0.596943463,0.596943463,0.137438163,['dog']
ocid1.datalabelingrecord.oc1.uk-london-1.amaaaaaaniob46iaf4jqw4lxnuwdhcpgpjlluz7qvkw6iftv2h2gapx2qaca,0.030035336,0.030035336,0.682685512,0.682685512,0.137438163,0.596943463,0.596943463,0.137438163,['dog']
ocid1.datalabelingrecord.oc1.uk-london-1.amaaaaaaniob46ianccghiwzjcyhlspxm4mrmc6k7dymx7nafbcbwpyf7sja,0.030035336,0.030035336,0.682685512,0.682685512,0.137438163,0.596943463,0.596943463,0.137438163,['dog']
ocid1.datalabelingrecord.oc1.uk-london-1.amaaaaaaniob46iajipiwxxlupphzcvlnzjtp6zkisroutxgqx56adbveuoq,0.030035336,0.030035336,0.682685512,0.682685512,0.137438163,0.596943463,0.596943463,0.137438163,['dog']
ocid1.datalabelingrecord.oc1.uk-london-1.amaaaaaaniob46iaz756dzuqqczauysdzbb5qm4sbm4vuysipydtnoa3lmta,0.030035336,0.030035336,0.682685512,0.682685512,0.137438163,0.596943463,0.596943463,0.137438163,['dog']
ocid1.datalabelingrecord.oc1.uk-london-1.amaaaaaaniob46iat5jb6ixqfspfpba6m25xruh3scpggk5npevikmvycjzq,0.030035336,0.030035336,0.682685512,0.682685512,0.137438163,0.596943463,0.596943463,0.137438163,['dog']
ocid1.datalabelingrecord.oc1.uk-london-1.amaaaaaaniob46ia7z44hyg7gdxzekbhvgch7fmbljnluemujrhkbbwu5x4q,0.030035336,0.030035336,0.682685512,0.682685512,0.137438163,0.596943463,0.596943463,0.137438163,['dog']
ocid1.datalabelingrecord.oc1.uk-london-1.amaaaaaaniob46ia2brlk2xomdi5rszh7sdbnphadpwold3fm4cf5cworsgq,0.030035336,0.030035336,0.682685512,0.682685512,0.137438163,0.596943463,0.596943463,0.137438163,['dog']
ocid1.datalabelingrecord.oc1.uk-london-1.amaaaaaaniob46ia2ful6oaqvpwtg2grfe7iht2uk3z6ys7h2xvhiovyuina,0.030035336,0.030035336,0.682685512,0.682685512,0.137438163,0.596943463,0.596943463,0.137438163,['dog']
ocid1.datalabelingrecord.oc1.uk-london-1.amaaaaaaniob46iah6xblpkk3zkj3ylnmr3akkeah42dkh257fwbnj724pwq,0.030035336,0.030035336,0.682685512,0.682685512,0.137438163,0.596943463,0.596943463,0.137438163,['dog']
ocid1.datalabelingrecord.oc1.uk-london-1.amaaaaaaniob46ia7yzw3befoosnrmtxgcqeeyydpktonjh5iccjntktfyia,0.030035336,0.030035336,0.682685512,0.682685512,0.137438163,0.596943463,0.596943463,0.137438163,['dog']
ocid1.datalabelingrecord.oc1.uk-london-1.amaaaaaaniob46ia274ekvmvdjmas7r37ae3eiwo4wg7vgud56llxz4m7lia,0.030035336,0.030035336,0.682685512,0.682685512,0.137438163,0.596943463,0.596943463,0.137438163,['dog']
ocid1.datalabelingrecord.oc1.uk-london-1.amaaaaaaniob46iajxjz46og43hab2lhbks7abccaoronm7vlllovbnin7qa,0.030035336,0.030035336,0.682685512,0.682685512,0.137438163,0.596943463,0.596943463,0.137438163,['dog']
ocid1.datalabelingrecord.oc1.uk-london-1.amaaaaaaniob46iae5c3opyj7t3a5xgazi7x6dg4ch6fitd7atse22yyvcjq,0.030035336,0.030035336,0.682685512,0.682685512,0.137438163,0.596943463,0.596943463,0.137438163,['dog']
ocid1.datalabelingrecord.oc1.uk-london-1.amaaaaaaniob46iahtr2ggm7mgqzniytn2a6pkhwyj7pg5jzn4z22no2ot4a,0.030035336,0.030035336,0.682685512,0.682685512,0.137438163,0.596943463,0.596943463,0.137438163,['dog']
ocid1.datalabelingrecord.oc1.uk-london-1.amaaaaaaniob46ias5dgqzdh4kf72ejogh7v5i5a5nnm5seckzw7xvkobv6q,0.030035336,0.030035336,0.682685512,0.682685512,0.137438163,0.596943463,0.596943463,0.137438163,['dog']
ocid1.datalabelingrecord.oc1.uk-london-1.amaaaaaaniob46iaewshyvull6kz5vdxqywj23tql65bwm47ailw7dhk7lua,0.030035336,0.030035336,0.682685512,0.682685512,0.137438163,0.596943463,0.596943463,0.137438163,['dog']
ocid1.datalabelingrecord.oc1.uk-london-1.amaaaaaaniob46iadvq5ufvgl4adztdp77f5z2l7dpvzzidqpw23vbzznysq,0.030035336,0.030035336,0.682685512,0.682685512,0.137438163,0.596943463,0.596943463,0.137438163,['dog']
ocid1.datalabelingrecord.oc1.uk-london-1.amaaaaaaniob46iaq2bsrlo3vokl3u2xirlngynf7ik2iforfvsuge6ckzeq,0.030035336,0.030035336,0.682685512,0.682685512,0.137438163,0.596943463,0.596943463,0.137438163,['dog']
ocid1.datalabelingrecord.oc1.uk-london-1.amaaaaaaniob46iamgrsxrqenbvtaocatfpclrfyrdierup3r5aj6di35xga,0.030035336,0.030035336,0.682685512,0.682685512,0.137438163,0.596943463,0.596943463,0.137438163,['dog']
ocid1.datalabelingrecord.oc1.uk-london-1.amaaaaaaniob46iamw7sbpzwf46snmtpn7gui4hll6zoah6bn4lq7y437w5q,0.030035336,0.030035336,0.682685512,0.682685512,0.137438163,0.596943463,0.596943463,0.137438163,['dog']
ocid1.datalabelingrecord.oc1.uk-london-1.amaaaaaaniob46iald7u5fcxyqwp2jhvzsfe2htfnl6vdoed5vanilp3gfvq,0.030035336,0.030035336,0.682685512,0.682685512,0.137438163,0.596943463,0.596943463,0.137438163,['dog']
ocid1.datalabelingrecord.oc1.uk-london-1.amaaaaaaniob46ia2spvuagxrgcvf3j7jlanh3rbsfvf47rrozpn2555arka,0.030035336,0.030035336,0.682685512,0.682685512,0.137438163,0.596943463,0.596943463,0.137438163,['dog']
ocid1.datalabelingrecord.oc1.uk-london-1.amaaaaaaniob46iaeaggmbalsgnrnaaf6mxq7ejyu56j5t7vdlgo2lwoucla,0.030035336,0.030035336,0.682685512,0.682685512,0.137438163,0.596943463,0.596943463,0.137438163,['dog']
ocid1.datalabelingrecord.oc1.uk-london-1.amaaaaaaniob46iapl2kdnwvcw73nex6isg4ohlkeegd665sqbbmrfq4ibeq,0.030035336,0.030035336,0.682685512,0.682685512,0.137438163,0.596943463,0.596943463,0.137438163,['dog']
ocid1.datalabelingrecord.oc1.uk-london-1.amaaaaaaniob46iaarppropfwcrawmwu3k6g62wtz3oxsqku2os3anjoodsq,0.030035336,0.030035336,0.682685512,0.682685512,0.137438163,0.596943463,0.596943463,0.137438163,['dog']
ocid1.datalabelingrecord.oc1.uk-london-1.amaaaaaaniob46iaxvj6yhjdrz6uyvvftvnutfqitligocpa4gts7oig7ylq,0.030035336,0.030035336,0.682685512,0.682685512,0.137438163,0.596943463,0.596943463,0.137438163,['dog']
ocid1.datalabelingrecord.oc1.uk-london-1.amaaaaaaniob46ia4jv5mlmtg2xcgtc6xtevanvryawhilnd7ordaxivpbta,0.030035336,0.030035336,0.682685512,0.682685512,0.137438163,0.596943463,0.596943463,0.137438163,['dog']
ocid1.datalabelingrecord.oc1.uk-london-1.amaaaaaaniob46iarm3dhloktc5lkpi3v5buo7kcaayu2jocpok2wcmutvpa,0.030035336,0.030035336,0.682685512,0.682685512,0.137438163,0.596943463,0.596943463,0.137438163,['dog']
ocid1.datalabelingrecord.oc1.uk-london-1.amaaaaaaniob46iaro3o5i45jzw2hdcav6ihi7zo7mikv6zun4evabdlxjbq,0.030035336,0.030035336,0.682685512,0.682685512,0.137438163,0.596943463,0.596943463,0.137438163,['dog']
ocid1.datalabelingrecord.oc1.uk-london-1.amaaaaaaniob46iat3lya3ciyodtlokpktsumz3sneu3qme2cxoajdyclooq,0.030035336,0.030035336,0.682685512,0.682685512,0.137438163,0.596943463,0.596943463,0.137438163,['dog']
ocid1.datalabelingrecord.oc1.uk-london-1.amaaaaaaniob46iap254n3hvqvgtfpclpkk66bpcwaqoepkqz7wrjqwqhbma,0.030035336,0.030035336,0.682685512,0.682685512,0.137438163,0.596943463,0.596943463,0.137438163,['dog']
ocid1.datalabelingrecord.oc1.uk-london-1.amaaaaaaniob46iasr4zexnxxtozydtaqryjv4bndbg3d5om7q6v2mizmhpq,0.030035336,0.030035336,0.682685512,0.682685512,0.137438163,0.596943463,0.596943463,0.137438163,['dog']
ocid1.datalabelingrecord.oc1.uk-london-1.amaaaaaaniob46iahyzqemln2jfs2nk3evhqealq43a246ymrl37hsrsixla,0.030035336,0.030035336,0.682685512,0.682685512,0.137438163,0.596943463,0.596943463,0.137438163,['dog']
ocid1.datalabelingrecord.oc1.uk-london-1.amaaaaaaniob46iac4ugflc3zdbrphxmyryza3hhp7hnpg2jwnhl6qyfhjma,0.030035336,0.030035336,0.682685512,0.682685512,0.137438163,0.596943463,0.596943463,0.137438163,['dog']
ocid1.datalabelingrecord.oc1.uk-london-1.amaaaaaaniob46iagkyggfap5rxgzan5iyln7puwulik63zsnkrphxmrxn5q,0.030035336,0.030035336,0.682685512,0.682685512,0.137438163,0.596943463,0.596943463,0.137438163,['dog']
ocid1.datalabelingrecord.oc1.uk-london-1.amaaaaaaniob46iamaug53hhyyvrxxqdjbl56qx5zf3vqmcfotpf3llw2lcq,0.030035336,0.030035336,0.682685512,0.682685512,0.137438163,0.596943463,0.596943463,0.137438163,['dog']
ocid1.datalabelingrecord.oc1.uk-london-1.amaaaaaaniob46iaerqeymwwh4mcein5gqgxtdjgr6rrvbxpopn7gwvxfiva,0.030035336,0.030035336,0.682685512,0.682685512,0.137438163,0.596943463,0.596943463,0.137438163,['dog']
ocid1.datalabelingrecord.oc1.uk-london-1.amaaaaaaniob46iayyn4xwsoan4uazkpdckuktwee7gl4tb3yyn3zliqfrqq,0.030035336,0.030035336,0.682685512,0.682685512,0.137438163,0.596943463,0.596943463,0.137438163,['dog']
ocid1.datalabelingrecord.oc1.uk-london-1.amaaaaaaniob46iavglvatvg6eee7cndich4u5ip2eingdtdhjnjkofzsufa,0.030035336,0.030035336,0.682685512,0.682685512,0.137438163,0.596943463,0.596943463,0.137438163,['dog']
ocid1.datalabelingrecord.oc1.uk-london-1.amaaaaaaniob46iaumh2thy44ykxvfxl623npilljr36ntx7zmzb3o2wyina,0.030035336,0.030035336,0.682685512,0.682685512,0.137438163,0.596943463,0.596943463,0.137438163,['dog']
ocid1.datalabelingrecord.oc1.uk-london-1.amaaaaaaniob46iakuz6xbw7anf7axzs637zk7qpme6ugpzarjchulbppzfa,0.030035336,0.030035336,0.682685512,0.682685512,0.137438163,0.596943463,0.596943463,0.137438163,['dog']
ocid1.datalabelingrecord.oc1.uk-london-1.amaaaaaaniob46iai5nwbiubexy4cjmrmrlripmrgeh5bwj4ap6yhgyhm45a,0.030035336,0.030035336,0.682685512,0.682685512,0.137438163,0.596943463,0.596943463,0.137438163,['dog']
ocid1.datalabelingrecord.oc1.uk-london-1.amaaaaaaniob46iavknj3q7kcggcmg7xu34p4g6ow6hv4tp7c53akw56aosa,0.030035336,0.030035336,0.682685512,0.682685512,0.137438163,0.596943463,0.596943463,0.137438163,['dog']
ocid1.datalabelingrecord.oc1.uk-london-1.amaaaaaaniob46iaatcihyuhuzb2qvlh6gzx6a5fw42h3srval2uptizy6ha,0.030035336,0.030035336,0.682685512,0.682685512,0.137438163,0.596943463,0.596943463,0.137438163,['dog']
ocid1.datalabelingrecord.oc1.uk-london-1.amaaaaaaniob46iai7nic77zpkhzo4du5whwet5y2ytv4n2ioauxtjxkd7mq,0.030035336,0.030035336,0.682685512,0.682685512,0.137438163,0.596943463,0.596943463,0.137438163,['dog']
ocid1.datalabelingrecord.oc1.uk-london-1.amaaaaaaniob46iasj6wqksnzzwpfysgb5sft7tfsm6czqwz72qula2lsnwa,0.030035336,0.030035336,0.682685512,0.682685512,0.137438163,0.596943463,0.596943463,0.137438163,['dog']
ocid1.datalabelingrecord.oc1.uk-london-1.amaaaaaaniob46ianggijqzsg3fglaandccp2nwzu3debiuazhxwhck6x3jq,0.030035336,0.030035336,0.682685512,0.682685512,0.137438163,0.596943463,0.596943463,0.137438163,['dog']
ocid1.datalabelingrecord.oc1.uk-london-1.amaaaaaaniob46ia5aomdz3ypemlod3bqbaetq5ngbrkvxkufbhkj47nlbeq,0.030035336,0.030035336,0.682685512,0.682685512,0.137438163,0.596943463,0.596943463,0.137438163,['dog']
ocid1.datalabelingrecord.oc1.uk-london-1.amaaaaaaniob46iahvj2tpcjihtdv6xobgbwbq6zu32rghj2jiuszs7wg22a,0.030035336,0.030035336,0.682685512,0.682685512,0.137438163,0.596943463,0.596943463,0.137438163,['dog']
ocid1.datalabelingrecord.oc1.uk-london-1.amaaaaaaniob46iazx3qwm7piv3apghp7atv5ozybsabiwyg34blph6xouua,0.030035336,0.030035336,0.682685512,0.682685512,0.137438163,0.596943463,0.596943463,0.137438163,['dog']
ocid1.datalabelingrecord.oc1.uk-london-1.amaaaaaaniob46ia6knasz2qortl3w2w2cohbm7fek7pogt7zkfasnqcb3ea,0.030035336,0.030035336,0.682685512,0.682685512,0.137438163,0.596943463,0.596943463,0.137438163,['dog']
ocid1.datalabelingrecord.oc1.uk-london-1.amaaaaaaniob46ian257xbgnn535r7vttvv4qirngb5yreudvloc3ydvdofq,0.030035336,0.030035336,0.682685512,0.682685512,0.137438163,0.596943463,0.596943463,0.137438163,['dog']
ocid1.datalabelingrecord.oc1.uk-london-1.amaaaaaaniob46iaamjp4jpngygpb4keapfltdnalxq6dsm7mqhg5q6sax7a,0.030035336,0.030035336,0.682685512,0.682685512,0.137438163,0.596943463,0.596943463,0.137438163,['dog']
ocid1.datalabelingrecord.oc1.uk-london-1.amaaaaaaniob46iasawfhr4khbxakyf7smiagbnfq5ztdbskkpd7bzr7kkda,0.030035336,0.030035336,0.682685512,0.682685512,0.137438163,0.596943463,0.596943463,0.137438163,['dog']
ocid1.datalabelingrecord.oc1.uk-london-1.amaaaaaaniob46iaayzmstpdwyttjixr5cj7ncuvyk6mje5rf3quof4meyrq,0.030035336,0.030035336,0.682685512,0.682685512,0.137438163,0.596943463,0.596943463,0.137438163,['dog']
ocid1.datalabelingrecord.oc1.uk-london-1.amaaaaaaniob46iaywo2dongwra5utx57azefkrrwk3odv2ukdxtpn4bawkq,0.030035336,0.030035336,0.682685512,0.682685512,0.137438163,0.596943463,0.596943463,0.137438163,['dog']
ocid1.datalabelingrecord.oc1.uk-london-1.amaaaaaaniob46iaxyix57onyaubjkpqx7qncakpmjootiiv3j6w5cdjgkca,0.030035336,0.030035336,0.682685512,0.682685512,0.137438163,0.596943463,0.596943463,0.137438163,['dog']
ocid1.datalabelingrecord.oc1.uk-london-1.amaaaaaaniob46ialc5udmcc2apejogsjktdtgoz4prxdsexzuinzw5cblfa,0.030035336,0.030035336,0.682685512,0.682685512,0.137438163,0.596943463,0.596943463,0.137438163,['dog']
ocid1.datalabelingrecord.oc1.uk-london-1.amaaaaaaniob46iauodrkxqpb5vvmdkzsanl3daqu5yhzvavmjflbasa6c7a,0.030035336,0.030035336,0.682685512,0.682685512,0.137438163,0.596943463,0.596943463,0.137438163,['dog']
ocid1.datalabelingrecord.oc1.uk-london-1.amaaaaaaniob46ia65jcws33wtg4k77igyxfjkywcludmr7y6zh6k5nylqcq,0.030035336,0.030035336,0.682685512,0.682685512,0.137438163,0.596943463,0.596943463,0.137438163,['dog']
ocid1.datalabelingrecord.oc1.uk-london-1.amaaaaaaniob46ia3k2xvk3ktkewl75ociqyanbtvhixstvo6viks2uhvpha,0.030035336,0.030035336,0.682685512,0.682685512,0.137438163,0.596943463,0.596943463,0.137438163,['dog']
ocid1.datalabelingrecord.oc1.uk-london-1.amaaaaaaniob46iaz4llsnqs7iz4twf556cn4zmioz2tth3he7xgwndblj2q,0.030035336,0.030035336,0.682685512,0.682685512,0.137438163,0.596943463,0.596943463,0.137438163,['dog']
ocid1.datalabelingrecord.oc1.uk-london-1.amaaaaaaniob46iacvquimqbj6clpkpvkvwiqv7lvqpkcw2ydtwjggv5twpa,0.030035336,0.030035336,0.682685512,0.682685512,0.137438163,0.596943463,0.596943463,0.137438163,['dog']
ocid1.datalabelingrecord.oc1.uk-london-1.amaaaaaaniob46iaorzxiotrda2xdksmzjgf7uwrkrjd3vzyljpb4uuk2ohq,0.030035336,0.030035336,0.682685512,0.682685512,0.137438163,0.596943463,0.596943463,0.137438163,['dog']